txn_id,vendor_id,timestamp,amount,txn_type,invoice_no,is_injected,case_id,expected_class,predicted_class,rule_under_test,case_notes,actual_class,fired_rules
T-1126,V005,2025-01-01T10:55:46,860.73,INVOICE,INV-70126,False,,,,,,NO_FLAG,
T-1366,V015,2025-01-01T14:58:00,995.44,INVOICE,INV-70366,False,,,,,,NO_FLAG,
T-1417,V016,2025-01-02T11:38:37,4970.12,INVOICE,INV-70417,False,,,,,,FLAG,R2
T-1478,V019,2025-01-06T14:21:42,108.47,INVOICE,INV-70478,False,,,,,,NO_FLAG,
T-1412,V016,2025-01-07T13:38:51,7102.31,INVOICE,INV-70412,False,,,,,,NO_FLAG,
T-1171,V007,2025-01-07T14:28:14,833.29,INVOICE,INV-70171,False,,,,,,NO_FLAG,
T-1463,V019,2025-01-07T15:53:30,67.7,INVOICE,INV-70463,False,,,,,,NO_FLAG,
T-1068,V002,2025-01-08T09:43:04,7802.92,INVOICE,INV-70068,False,,,,,,NO_FLAG,
T-1077,V003,2025-01-08T10:06:34,3155.33,INVOICE,INV-70077,False,,,,,,NO_FLAG,
T-1362,V014,2025-01-08T10:37:19,20560.46,INVOICE,INV-70362,False,,,,,,REVIEW,R3
T-1136,V005,2025-01-08T11:13:06,2332.38,INVOICE,INV-70136,False,,,,,,NO_FLAG,
T-1179,V007,2025-01-09T10:46:39,834.16,INVOICE,INV-70179,False,,,,,,NO_FLAG,
T-1050,V002,2025-01-09T10:47:18,13116.5,INVOICE,INV-70050,False,,,,,,NO_FLAG,
T-1021,V001,2025-01-09T14:09:11,348.15,INVOICE,INV-70021,False,,,,,,NO_FLAG,
T-1311,V011,2025-01-10T13:57:49,2381.77,INVOICE,INV-70311,False,,,,,,NO_FLAG,
T-1393,V015,2025-01-11T15:24:49,1147.61,INVOICE,INV-70393,False,,,,,,NO_FLAG,
T-1392,V015,2025-01-12T11:21:37,891.2,INVOICE,INV-70392,False,,,,,,NO_FLAG,
T-1069,V002,2025-01-13T10:56:09,9220.14,INVOICE,INV-70069,False,,,,,,NO_FLAG,
T-1302,V011,2025-01-13T16:00:18,1746.44,INVOICE,INV-70302,False,,,,,,NO_FLAG,
T-1381,V015,2025-01-14T14:17:37,961.13,INVOICE,INV-70381,False,,,,,,NO_FLAG,
T-1244,V008,2025-01-15T10:23:28,2358.92,INVOICE,INV-70244,False,,,,,,NO_FLAG,
T-1108,V005,2025-01-15T15:27:10,1414.0,INVOICE,INV-70108,False,,,,,,NO_FLAG,
T-1224,V008,2025-01-15T16:19:55,2174.81,INVOICE,INV-70224,False,,,,,,NO_FLAG,
T-1341,V012,2025-01-16T13:44:01,10025.87,INVOICE,INV-70341,False,,,,,,REVIEW,R3
T-1495,V020,2025-01-16T15:27:46,3318.23,INVOICE,INV-70495,False,,,,,,NO_FLAG,
T-1261,V009,2025-01-17T11:40:58,4422.31,INVOICE,INV-70261,False,,,,,,NO_FLAG,
T-1141,V005,2025-01-17T14:54:30,514.64,INVOICE,INV-70141,False,,,,,,NO_FLAG,
T-1220,V008,2025-01-20T14:37:31,3081.97,INVOICE,INV-70220,False,,,,,,NO_FLAG,
T-1475,V019,2025-01-21T09:35:08,195.14,INVOICE,INV-70475,False,,,,,,NO_FLAG,
T-1424,V017,2025-01-21T10:09:13,2674.93,INVOICE,INV-70424,False,,,,,,NO_FLAG,
T-1092,V004,2025-01-22T10:23:51,4150.63,INVOICE,INV-70092,False,,,,,,NO_FLAG,
T-1468,V019,2025-01-22T11:48:48,258.5,INVOICE,INV-70468,False,,,,,,NO_FLAG,
T-1283,V010,2025-01-23T11:31:08,352.2,INVOICE,INV-70283,False,,,,,,NO_FLAG,
T-1365,V015,2025-01-24T11:18:05,526.09,INVOICE,INV-70365,False,,,,,,NO_FLAG,
T-1084,V003,2025-01-24T15:40:05,3132.96,INVOICE,INV-70084,False,,,,,,NO_FLAG,
T-1400,V015,2025-01-25T12:00:00,499.05,INVOICE,INV-70400,False,,,,,,NO_FLAG,
T-1175,V007,2025-01-27T13:01:25,318.64,INVOICE,INV-70175,False,,,,,,NO_FLAG,
T-1057,V002,2025-01-27T14:31:50,5708.34,INVOICE,INV-70057,False,,,,,,NO_FLAG,
T-1160,V006,2025-01-27T14:42:08,11662.12,INVOICE,INV-70160,False,,,,,,NO_FLAG,
T-1288,V010,2025-01-29T08:58:59,225.29,INVOICE,INV-70288,False,,,,,,NO_FLAG,
T-1223,V008,2025-01-29T09:47:03,1762.62,INVOICE,INV-70223,False,,,,,,NO_FLAG,
T-1025,V001,2025-01-29T10:07:08,58.99,INVOICE,INV-70025,False,,,,,,FLAG,R1
T-1023,V001,2025-01-30T11:06:04,484.89,INVOICE,INV-70023,False,,,,,,NO_FLAG,
T-1409,V015,2025-02-01T11:56:21,1038.72,INVOICE,INV-70409,False,,,,,,NO_FLAG,
T-1372,V015,2025-02-03T14:26:20,1347.66,INVOICE,INV-70372,False,,,,,,NO_FLAG,
T-1045,V001,2025-02-04T08:47:25,336.84,INVOICE,INV-70045,False,,,,,,NO_FLAG,
T-1074,V003,2025-02-04T10:46:32,2875.11,INVOICE,INV-70074,False,,,,,,NO_FLAG,
T-1295,V010,2025-02-05T10:01:39,259.98,INVOICE,INV-70295,False,,,,,,NO_FLAG,
T-1264,V009,2025-02-05T14:05:25,4611.48,INVOICE,INV-70264,False,,,,,,NO_FLAG,
T-1358,V014,2025-02-07T15:15:21,10357.42,INVOICE,INV-70358,False,,,,,,REVIEW,R3
T-1118,V005,2025-02-07T15:17:15,684.39,INVOICE,INV-70118,False,,,,,,NO_FLAG,
T-1388,V015,2025-02-08T10:50:39,848.54,INVOICE,INV-70388,False,,,,,,NO_FLAG,
T-1402,V015,2025-02-08T14:44:37,1060.8,INVOICE,INV-70402,False,,,,,,NO_FLAG,
T-1139,V005,2025-02-10T13:59:52,1319.06,INVOICE,INV-70139,False,,,,,,NO_FLAG,
T-1281,V010,2025-02-11T08:31:59,413.87,INVOICE,INV-70281,False,,,,,,NO_FLAG,
T-1444,V018,2025-02-11T14:49:30,1310.87,INVOICE,INV-70444,False,,,,,,NO_FLAG,
T-1127,V005,2025-02-12T11:59:39,923.2,INVOICE,INV-70127,False,,,,,,NO_FLAG,
T-1165,V007,2025-02-13T14:28:00,657.79,INVOICE,INV-70165,False,,,,,,NO_FLAG,
T-1044,V001,2025-02-14T12:14:30,246.82,INVOICE,INV-70044,False,,,,,,NO_FLAG,
T-1250,V008,2025-02-14T13:49:46,1728.87,INVOICE,INV-70250,False,,,,,,NO_FLAG,
T-1428,V017,2025-02-14T14:12:34,550.04,INVOICE,INV-70428,False,,,,,,NO_FLAG,
T-1120,V005,2025-02-18T10:07:49,354.0,INVOICE,INV-70120,False,,,,,,NO_FLAG,
T-1145,V006,2025-02-18T11:16:18,27153.18,INVOICE,INV-70145,False,,,,,,FLAG,R1
T-1416,V016,2025-02-18T14:30:45,10181.02,INVOICE,INV-70416,False,,,,,,NO_FLAG,
T-1075,V003,2025-02-19T09:54:41,2991.04,INVOICE,INV-70075,False,,,,,,NO_FLAG,
T-1262,V009,2025-02-19T10:22:21,7505.77,INVOICE,INV-70262,False,,,,,,NO_FLAG,
T-1315,V011,2025-02-19T10:50:12,1522.28,INVOICE,INV-70315,False,,,,,,NO_FLAG,
T-1367,V015,2025-02-21T09:40:46,679.34,INVOICE,INV-70367,False,,,,,,NO_FLAG,
T-1062,V002,2025-02-21T10:08:26,17483.18,INVOICE,INV-70062,False,,,,,,NO_FLAG,
T-1042,V001,2025-02-24T09:46:55,274.63,INVOICE,INV-70042,False,,,,,,NO_FLAG,
T-1472,V019,2025-02-24T11:04:24,140.5,INVOICE,INV-70472,False,,,,,,NO_FLAG,
T-1227,V008,2025-02-24T14:41:10,2099.22,INVOICE,INV-70227,False,,,,,,NO_FLAG,
T-1338,V012,2025-02-25T10:43:14,9389.72,INVOICE,INV-70338,False,,,,,,REVIEW,R3
T-1499,V020,2025-02-25T14:11:41,2653.41,INVOICE,INV-70499,False,,,,,,NO_FLAG,
T-1352,V013,2025-02-25T15:18:09,1499.0,INVOICE,INV-70352,False,,,,,,NO_FLAG,R8
T-1213,V008,2025-02-26T10:28:28,1786.0,INVOICE,INV-70213,False,,,,,,NO_FLAG,
T-1289,V010,2025-02-26T14:43:15,689.54,INVOICE,INV-70289,False,,,,,,NO_FLAG,
T-1403,V015,2025-02-27T10:30:27,1031.59,INVOICE,INV-70403,False,,,,,,NO_FLAG,
T-1117,V005,2025-02-27T10:34:20,1699.8,INVOICE,INV-70117,False,,,,,,NO_FLAG,
T-1035,V001,2025-02-27T13:58:33,416.05,INVOICE,INV-70035,False,,,,,,NO_FLAG,
T-1170,V007,2025-02-27T15:09:35,1080.17,INVOICE,INV-70170,False,,,,,,NO_FLAG,
T-1064,V002,2025-03-05T10:03:59,12927.33,INVOICE,INV-70064,False,,,,,,NO_FLAG,
T-1027,V001,2025-03-05T10:45:45,328.7,INVOICE,INV-70027,False,,,,,,NO_FLAG,
T-1357,V014,2025-03-06T09:13:56,17754.47,INVOICE,INV-70357,False,,,,,,REVIEW,R3
T-1033,V001,2025-03-06T10:25:51,307.13,INVOICE,INV-70033,False,,,,,,NO_FLAG,
T-1321,V011,2025-03-06T14:16:29,3859.57,INVOICE,INV-70321,False,,,,,,NO_FLAG,
T-1105,V005,2025-03-07T09:17:03,269.43,INVOICE,INV-70105,False,,,,,,NO_FLAG,
T-1298,V010,2025-03-07T10:17:56,481.98,INVOICE,INV-70298,False,,,,,,NO_FLAG,
T-1313,V011,2025-03-07T10:22:41,3347.59,INVOICE,INV-70313,False,,,,,,NO_FLAG,
T-1199,V008,2025-03-07T14:52:11,1473.61,INVOICE,INV-70199,False,,,,,,NO_FLAG,
T-1379,V015,2025-03-09T11:53:40,581.43,INVOICE,INV-70379,False,,,,,,NO_FLAG,
T-1305,V011,2025-03-10T10:37:45,1728.62,INVOICE,INV-70305,False,,,,,,NO_FLAG,
T-1269,V009,2025-03-10T13:25:13,5271.03,INVOICE,INV-70269,False,,,,,,NO_FLAG,
T-1457,V019,2025-03-10T15:11:11,167.74,INVOICE,INV-70457,False,,,,,,NO_FLAG,
T-1210,V008,2025-03-11T10:41:02,1729.42,INVOICE,INV-70210,False,,,,,,NO_FLAG,
T-1004,V001,2025-03-11T14:43:54,208.71,INVOICE,INV-70004,False,,,,,,NO_FLAG,
T-1238,V008,2025-03-12T11:17:38,2637.42,INVOICE,INV-70238,False,,,,,,NO_FLAG,
T-1297,V010,2025-03-13T12:02:28,693.12,INVOICE,INV-70297,False,,,,,,NO_FLAG,
T-1201,V008,2025-03-14T15:50:56,2369.5,INVOICE,INV-70201,False,,,,,,NO_FLAG,
T-1384,V015,2025-03-16T15:32:03,703.32,INVOICE,INV-70384,False,,,,,,NO_FLAG,
T-1320,V011,2025-03-17T14:45:43,7098.56,INVOICE,INV-70320,False,,,,,,FLAG,R1
T-1279,V010,2025-03-17T15:16:46,675.96,INVOICE,INV-70279,False,,,,,,NO_FLAG,
T-1203,V008,2025-03-18T09:24:41,1916.34,INVOICE,INV-70203,False,,,,,,NO_FLAG,
T-1471,V019,2025-03-18T15:55:59,89.48,INVOICE,INV-70471,False,,,,,,NO_FLAG,
T-1090,V004,2025-03-19T09:13:17,5331.02,INVOICE,INV-70090,False,,,,,,NO_FLAG,
T-1248,V008,2025-03-19T16:04:25,1078.9,INVOICE,INV-70248,False,,,,,,NO_FLAG,
T-1172,V007,2025-03-21T09:58:30,873.36,INVOICE,INV-70172,False,,,,,,NO_FLAG,
T-1480,V019,2025-03-24T11:05:26,281.11,INVOICE,INV-70480,False,,,,,,NO_FLAG,
T-1052,V002,2025-03-24T13:46:25,11795.87,INVOICE,INV-70052,False,,,,,,NO_FLAG,
T-1215,V008,2025-03-24T15:40:08,1759.0,INVOICE,INV-70215,False,,,,,,NO_FLAG,
T-1196,V007,2025-03-25T14:58:59,951.82,INVOICE,INV-70196,False,,,,,,NO_FLAG,
T-1274,V009,2025-03-25T15:21:32,5836.04,INVOICE,INV-70274,False,,,,,,NO_FLAG,
T-1488,V019,2025-03-27T10:26:01,238.98,INVOICE,INV-70488,False,,,,,,NO_FLAG,
T-1200,V008,2025-03-27T14:24:09,2701.71,INVOICE,INV-70200,False,,,,,,NO_FLAG,
T-1233,V008,2025-03-27T15:07:27,1634.51,INVOICE,INV-70233,False,,,,,,NO_FLAG,
T-1247,V008,2025-03-27T15:13:22,2439.8,INVOICE,INV-70247,False,,,,,,NO_FLAG,
T-1380,V015,2025-03-28T10:50:21,965.49,INVOICE,INV-70380,False,,,,,,NO_FLAG,
T-1268,V009,2025-03-28T13:04:29,5416.71,INVOICE,INV-70268,False,,,,,,NO_FLAG,
T-1240,V008,2025-03-31T08:45:31,2082.7,INVOICE,INV-70240,False,,,,,,NO_FLAG,
T-1181,V007,2025-03-31T09:15:51,889.33,INVOICE,INV-70181,False,,,,,,NO_FLAG,
T-1026,V001,2025-03-31T10:34:28,146.41,INVOICE,INV-70026,False,,,,,,FLAG,R1
T-1437,V017,2025-03-31T10:35:26,1538.21,INVOICE,INV-70437,False,,,,,,NO_FLAG,
T-1485,V019,2025-03-31T11:01:52,98.84,INVOICE,INV-70485,False,,,,,,NO_FLAG,
T-1382,V015,2025-04-01T14:37:27,806.64,INVOICE,INV-70382,False,,,,,,NO_FLAG,
T-1251,V008,2025-04-02T10:46:46,1787.96,INVOICE,INV-70251,False,,,,,,NO_FLAG,
T-1056,V002,2025-04-02T14:28:43,12977.79,INVOICE,INV-70056,False,,,,,,NO_FLAG,
T-1098,V005,2025-04-02T14:39:41,874.73,INVOICE,INV-70098,False,,,,,,NO_FLAG,
T-1135,V005,2025-04-04T10:08:25,578.16,INVOICE,INV-70135,False,,,,,,NO_FLAG,
T-1070,V002,2025-04-04T12:24:40,12635.02,INVOICE,INV-70070,False,,,,,,NO_FLAG,
T-1310,V011,2025-04-07T12:08:25,1135.2,INVOICE,INV-70310,False,,,,,,NO_FLAG,
T-1020,V001,2025-04-07T14:46:49,319.94,INVOICE,INV-70020,False,,,,,,NO_FLAG,
T-1094,V004,2025-04-09T10:16:21,4333.95,INVOICE,INV-70094,False,,,,,,NO_FLAG,
T-1482,V019,2025-04-09T12:18:19,134.86,INVOICE,INV-70482,False,,,,,,NO_FLAG,
T-1282,V010,2025-04-10T14:23:09,244.53,INVOICE,INV-70282,False,,,,,,NO_FLAG,
T-1073,V003,2025-04-10T14:47:10,2768.91,INVOICE,INV-70073,False,,,,,,NO_FLAG,
T-1102,V005,2025-04-10T14:55:23,1092.59,INVOICE,INV-70102,False,,,,,,NO_FLAG,
T-1221,V008,2025-04-11T08:21:31,3010.21,INVOICE,INV-70221,False,,,,,,NO_FLAG,
T-1104,V005,2025-04-11T10:14:39,1392.53,INVOICE,INV-70104,False,,,,,,NO_FLAG,
T-1237,V008,2025-04-11T10:38:52,2670.77,INVOICE,INV-70237,False,,,,,,NO_FLAG,
T-1498,V020,2025-04-11T14:07:14,4014.13,INVOICE,INV-70498,False,,,,,,NO_FLAG,
T-1065,V002,2025-04-11T14:23:00,8618.89,INVOICE,INV-70065,False,,,,,,NO_FLAG,
T-1115,V005,2025-04-11T15:08:13,1664.72,INVOICE,INV-70115,False,,,,,,NO_FLAG,
T-1194,V007,2025-04-11T15:20:23,596.61,INVOICE,INV-70194,False,,,,,,NO_FLAG,
T-1163,V007,2025-04-11T16:29:17,582.48,INVOICE,INV-70163,False,,,,,,NO_FLAG,
T-1481,V019,2025-04-14T09:43:40,99.81,INVOICE,INV-70481,False,,,,,,NO_FLAG,
T-1031,V001,2025-04-14T09:49:57,572.49,INVOICE,INV-70031,False,,,,,,FLAG,R1
T-1461,V019,2025-04-15T10:12:57,126.96,INVOICE,INV-70461,False,,,,,,NO_FLAG,
T-1234,V008,2025-04-15T15:14:09,1574.33,INVOICE,INV-70234,False,,,,,,NO_FLAG,
T-1425,V017,2025-04-15T15:51:38,2136.37,INVOICE,INV-70425,False,,,,,,NO_FLAG,
T-1456,V019,2025-04-16T08:30:06,694.89,INVOICE,INV-70456,False,,,,,,FLAG,R1
T-1188,V007,2025-04-16T08:50:17,711.4,INVOICE,INV-70188,False,,,,,,NO_FLAG,
T-1232,V008,2025-04-16T14:47:03,2707.68,INVOICE,INV-70232,False,,,,,,NO_FLAG,
T-1123,V005,2025-04-17T12:42:12,1476.87,INVOICE,INV-70123,False,,,,,,NO_FLAG,
T-1053,V002,2025-04-17T13:46:26,12006.6,INVOICE,INV-70053,False,,,,,,NO_FLAG,
T-1449,V018,2025-04-17T15:55:56,1260.82,INVOICE,INV-70449,False,,,,,,NO_FLAG,
T-1308,V011,2025-04-21T10:13:44,3298.41,INVOICE,INV-70308,False,,,,,,NO_FLAG,
T-1143,V005,2025-04-21T10:57:47,980.1,INVOICE,INV-70143,False,,,,,,NO_FLAG,
T-1335,V011,2025-04-21T14:18:54,2684.77,INVOICE,INV-70335,False,,,,,,NO_FLAG,
T-1133,V005,2025-04-22T10:59:21,3939.78,INVOICE,INV-70133,False,,,,,,FLAG,R1
T-1421,V016,2025-04-23T15:23:56,6519.51,INVOICE,INV-70421,False,,,,,,NO_FLAG,
T-1005,V001,2025-04-24T10:47:59,443.56,INVOICE,INV-70005,False,,,,,,NO_FLAG,
T-1034,V001,2025-04-24T14:22:43,564.51,INVOICE,INV-70034,False,,,,,,FLAG,R1
T-1331,V011,2025-04-24T15:16:37,2126.6,INVOICE,INV-70331,False,,,,,,NO_FLAG,
T-1138,V005,2025-04-24T15:39:59,305.98,INVOICE,INV-70138,False,,,,,,NO_FLAG,
T-1018,V001,2025-04-25T10:39:47,316.19,INVOICE,INV-70018,False,,,,,,NO_FLAG,
T-1351,V013,2025-04-25T14:07:15,1499.0,INVOICE,INV-70351,False,,,,,,NO_FLAG,R8
T-1149,V006,2025-04-28T14:13:49,14011.22,INVOICE,INV-70149,False,,,,,,NO_FLAG,
T-1292,V010,2025-04-28T15:09:17,496.87,INVOICE,INV-70292,False,,,,,,NO_FLAG,
T-1270,V009,2025-04-28T15:28:36,2995.58,INVOICE,INV-70270,False,,,,,,FLAG,R1
T-1346,V013,2025-04-29T09:15:41,1499.0,INVOICE,INV-70346,False,,,,,,NO_FLAG,R8
T-1496,V020,2025-04-30T10:42:09,5381.35,INVOICE,INV-70496,False,,,,,,NO_FLAG,
T-1452,V018,2025-05-02T12:05:45,1379.77,INVOICE,INV-70452,False,,,,,,NO_FLAG,
T-1131,V005,2025-05-02T14:52:56,1263.25,INVOICE,INV-70131,False,,,,,,NO_FLAG,
T-1345,V013,2025-05-07T11:23:35,1499.0,INVOICE,INV-70345,False,,,,,,NO_FLAG,R8
T-1473,V019,2025-05-08T17:04:01,180.81,INVOICE,INV-70473,False,,,,,,NO_FLAG,
T-1158,V006,2025-05-09T09:22:44,4517.46,INVOICE,INV-70158,False,,,,,,NO_FLAG,
T-1037,V001,2025-05-12T09:44:53,292.63,INVOICE,INV-70037,False,,,,,,NO_FLAG,
T-1003,V001,2025-05-12T09:46:03,382.42,INVOICE,INV-70003,False,,,,,,NO_FLAG,
T-1207,V008,2025-05-12T12:16:14,1106.35,INVOICE,INV-70207,False,,,,,,NO_FLAG,
T-1489,V020,2025-05-12T13:37:56,4623.18,INVOICE,INV-70489,False,,,,,,NO_FLAG,
T-1286,V010,2025-05-13T10:28:52,599.09,INVOICE,INV-70286,False,,,,,,NO_FLAG,
T-1273,V009,2025-05-14T15:03:24,4046.73,INVOICE,INV-70273,False,,,,,,NO_FLAG,
T-1256,V009,2025-05-15T16:23:24,5069.38,INVOICE,INV-70256,False,,,,,,NO_FLAG,
T-1386,V015,2025-05-16T09:38:02,858.22,INVOICE,INV-70386,False,,,,,,NO_FLAG,
T-1319,V011,2025-05-16T11:12:18,5642.67,INVOICE,INV-70319,False,,,,,,NO_FLAG,
T-1469,V019,2025-05-16T14:20:15,92.93,INVOICE,INV-70469,False,,,,,,NO_FLAG,
T-1178,V007,2025-05-16T14:52:34,755.91,INVOICE,INV-70178,False,,,,,,NO_FLAG,
T-1051,V002,2025-05-16T14:54:15,9957.9,INVOICE,INV-70051,False,,,,,,FLAG,R2
T-1369,V015,2025-05-17T15:53:25,1145.53,INVOICE,INV-70369,False,,,,,,NO_FLAG,
T-1107,V005,2025-05-19T09:49:51,1045.91,INVOICE,INV-70107,False,,,,,,NO_FLAG,
T-1134,V005,2025-05-19T10:54:01,167.9,INVOICE,INV-70134,False,,,,,,NO_FLAG,
T-1187,V007,2025-05-19T14:55:04,473.38,INVOICE,INV-70187,False,,,,,,NO_FLAG,
T-1086,V004,2025-05-21T11:02:49,5468.7,INVOICE,INV-70086,False,,,,,,NO_FLAG,
T-1076,V003,2025-05-21T11:03:19,2614.45,INVOICE,INV-70076,False,,,,,,NO_FLAG,
T-1460,V019,2025-05-23T09:52:31,101.61,INVOICE,INV-70460,False,,,,,,NO_FLAG,
T-1049,V002,2025-05-23T11:37:55,20064.77,INVOICE,INV-70049,False,,,,,,NO_FLAG,
T-1405,V015,2025-05-24T13:11:12,731.45,INVOICE,INV-70405,False,,,,,,NO_FLAG,
T-1373,V015,2025-05-24T14:25:12,1015.62,INVOICE,INV-70373,False,,,,,,NO_FLAG,
T-1193,V007,2025-05-26T15:32:45,386.24,INVOICE,INV-70193,False,,,,,,NO_FLAG,
T-1259,V009,2025-05-27T10:44:13,6521.48,INVOICE,INV-70259,False,,,,,,NO_FLAG,
T-1106,V005,2025-05-27T11:36:49,598.89,INVOICE,INV-70106,False,,,,,,NO_FLAG,
T-1263,V009,2025-05-27T11:58:34,5575.58,INVOICE,INV-70263,False,,,,,,NO_FLAG,
T-1219,V008,2025-05-28T13:06:53,1453.54,INVOICE,INV-70219,False,,,,,,NO_FLAG,
T-1109,V005,2025-05-29T09:40:10,949.01,INVOICE,INV-70109,False,,,,,,NO_FLAG,
T-1157,V006,2025-05-29T10:14:15,3544.76,INVOICE,INV-70157,False,,,,,,NO_FLAG,
T-1167,V007,2025-05-29T10:45:37,729.04,INVOICE,INV-70167,False,,,,,,NO_FLAG,
T-1095,V004,2025-05-29T14:45:53,3943.47,INVOICE,INV-70095,False,,,,,,NO_FLAG,
T-1007,V001,2025-05-30T10:19:20,290.19,INVOICE,INV-70007,False,,,,,,NO_FLAG,
T-1101,V005,2025-05-30T10:34:20,43.44,INVOICE,INV-70101,False,,,,,,NO_FLAG,
T-1291,V010,2025-05-30T14:38:58,603.8,INVOICE,INV-70291,False,,,,,,NO_FLAG,
T-1336,V011,2025-05-30T15:33:53,1811.86,INVOICE,INV-70336,False,,,,,,NO_FLAG,
T-1371,V015,2025-05-31T10:39:02,916.61,INVOICE,INV-70371,False,,,,,,NO_FLAG,
T-1333,V011,2025-06-02T11:28:08,6219.13,INVOICE,INV-70333,False,,,,,,FLAG,R1
T-1241,V008,2025-06-02T11:33:18,2257.95,INVOICE,INV-70241,False,,,,,,NO_FLAG,
T-1467,V019,2025-06-02T14:16:10,127.82,INVOICE,INV-70467,False,,,,,,NO_FLAG,
T-1492,V020,2025-06-02T15:36:55,1781.0,INVOICE,INV-70492,False,,,,,,NO_FLAG,
T-1312,V011,2025-06-03T11:05:01,4581.78,INVOICE,INV-70312,False,,,,,,NO_FLAG,
T-1497,V020,2025-06-03T12:00:49,4690.75,INVOICE,INV-70497,False,,,,,,NO_FLAG,
T-1318,V011,2025-06-03T14:06:38,3338.33,INVOICE,INV-70318,False,,,,,,NO_FLAG,
T-1441,V018,2025-06-04T12:15:19,1522.07,INVOICE,INV-70441,False,,,,,,FLAG,R1
T-1222,V008,2025-06-09T15:33:37,2257.69,INVOICE,INV-70222,False,,,,,,NO_FLAG,
T-1153,V006,2025-06-09T15:39:06,8396.66,INVOICE,INV-70153,False,,,,,,NO_FLAG,
T-1278,V010,2025-06-11T09:49:32,280.31,INVOICE,INV-70278,False,,,,,,NO_FLAG,
T-1436,V017,2025-06-11T12:38:45,1384.92,INVOICE,INV-70436,False,,,,,,NO_FLAG,
T-1413,V016,2025-06-12T09:38:05,6015.81,INVOICE,INV-70413,False,,,,,,NO_FLAG,
T-1202,V008,2025-06-13T10:11:19,2669.89,INVOICE,INV-70202,False,,,,,,NO_FLAG,
T-1063,V002,2025-06-13T11:13:32,14235.05,INVOICE,INV-70063,False,,,,,,NO_FLAG,
T-1032,V001,2025-06-13T11:17:24,229.04,INVOICE,INV-70032,False,,,,,,NO_FLAG,
T-1326,V011,2025-06-13T14:59:32,3064.76,INVOICE,INV-70326,False,,,,,,NO_FLAG,
T-1404,V015,2025-06-15T14:06:22,1024.6,INVOICE,INV-70404,False,,,,,,NO_FLAG,
T-1030,V001,2025-06-16T12:29:21,370.4,INVOICE,INV-70030,False,,,,,,NO_FLAG,
T-1059,V002,2025-06-18T10:33:37,10027.54,INVOICE,INV-70059,False,,,,,,NO_FLAG,
T-1081,V003,2025-06-18T13:55:01,3066.65,INVOICE,INV-70081,False,,,,,,NO_FLAG,
T-1083,V003,2025-06-18T14:32:36,2570.48,INVOICE,INV-70083,False,,,,,,NO_FLAG,
T-1013,V001,2025-06-19T15:27:39,268.97,INVOICE,INV-70013,False,,,,,,NO_FLAG,
T-1332,V011,2025-06-20T10:03:02,2428.53,INVOICE,INV-70332,False,,,,,,NO_FLAG,
T-1006,V001,2025-06-23T13:50:59,394.75,INVOICE,INV-70006,False,,,,,,NO_FLAG,
T-1375,V015,2025-06-24T10:36:34,1217.14,INVOICE,INV-70375,False,,,,,,NO_FLAG,
T-1422,V016,2025-06-24T10:52:37,8957.9,INVOICE,INV-70422,False,,,,,,NO_FLAG,
T-1342,V013,2025-06-25T10:54:09,1499.0,INVOICE,INV-70342,False,,,,,,NO_FLAG,R8
T-1491,V020,2025-06-25T17:02:36,5821.26,INVOICE,INV-70491,False,,,,,,NO_FLAG,
T-1322,V011,2025-06-26T10:50:07,4555.22,INVOICE,INV-70322,False,,,,,,NO_FLAG,
T-1290,V010,2025-06-26T11:02:17,723.97,INVOICE,INV-70290,False,,,,,,NO_FLAG,
T-1093,V004,2025-06-26T13:54:25,3808.87,INVOICE,INV-70093,False,,,,,,NO_FLAG,
T-1091,V004,2025-06-26T14:09:42,6679.13,INVOICE,INV-70091,False,,,,,,FLAG,R1
T-1280,V010,2025-06-30T10:33:16,201.24,INVOICE,INV-70280,False,,,,,,NO_FLAG,
T-1189,V007,2025-06-30T14:50:59,56.74,INVOICE,INV-70189,False,,,,,,FLAG,R1
T-1364,V015,2025-06-30T15:28:24,392.94,INVOICE,INV-70364,False,,,,,,NO_FLAG,
T-1350,V013,2025-07-02T10:20:04,1499.0,INVOICE,INV-70350,False,,,,,,NO_FLAG,R8
T-1038,V001,2025-07-02T10:42:04,172.03,INVOICE,INV-70038,False,,,,,,NO_FLAG,
T-1040,V001,2025-07-04T15:08:23,358.88,INVOICE,INV-70040,False,,,,,,NO_FLAG,
T-1228,V008,2025-07-07T14:33:59,2408.6,INVOICE,INV-70228,False,,,,,,NO_FLAG,
T-1266,V009,2025-07-08T14:00:52,4702.51,INVOICE,INV-70266,False,,,,,,NO_FLAG,
T-1448,V018,2025-07-10T09:49:03,1310.61,INVOICE,INV-70448,False,,,,,,NO_FLAG,
T-1048,V001,2025-07-10T15:21:30,293.45,INVOICE,INV-70048,False,,,,,,NO_FLAG,
T-1162,V006,2025-07-11T11:36:17,11199.49,INVOICE,INV-70162,False,,,,,,NO_FLAG,
T-1161,V006,2025-07-11T15:34:10,8356.99,INVOICE,INV-70161,False,,,,,,NO_FLAG,
T-1377,V015,2025-07-14T08:57:28,821.72,INVOICE,INV-70377,False,,,,,,NO_FLAG,
T-1359,V014,2025-07-14T09:51:14,26046.39,INVOICE,INV-70359,False,,,,,,REVIEW,R3
T-1058,V002,2025-07-14T10:37:40,15561.42,INVOICE,INV-70058,False,,,,,,NO_FLAG,
T-1111,V005,2025-07-14T10:51:40,569.62,INVOICE,INV-70111,False,,,,,,NO_FLAG,
T-1114,V005,2025-07-15T11:40:21,166.74,INVOICE,INV-70114,False,,,,,,NO_FLAG,
T-1285,V010,2025-07-15T16:19:08,205.95,INVOICE,INV-70285,False,,,,,,NO_FLAG,
T-1293,V010,2025-07-16T10:48:57,1570.19,INVOICE,INV-70293,False,,,,,,FLAG,R1
T-1434,V017,2025-07-16T13:21:41,2539.76,INVOICE,INV-70434,False,,,,,,NO_FLAG,
T-1119,V005,2025-07-16T13:42:58,1646.69,INVOICE,INV-70119,False,,,,,,NO_FLAG,
T-1071,V002,2025-07-16T15:19:02,6165.9,INVOICE,INV-70071,False,,,,,,NO_FLAG,
T-1190,V007,2025-07-17T10:41:04,618.33,INVOICE,INV-70190,False,,,,,,NO_FLAG,
T-1476,V019,2025-07-18T09:52:29,225.03,INVOICE,INV-70476,False,,,,,,NO_FLAG,
T-1001,V001,2025-07-18T15:02:39,384.03,INVOICE,INV-70001,False,,,,,,NO_FLAG,
T-1361,V014,2025-07-23T10:41:19,41474.04,INVOICE,INV-70361,False,,,,,,REVIEW,R3
T-1085,V004,2025-07-23T16:04:08,4698.46,INVOICE,INV-70085,False,,,,,,NO_FLAG,
T-1462,V019,2025-07-24T10:44:21,157.15,INVOICE,INV-70462,False,,,,,,NO_FLAG,
T-1140,V005,2025-07-24T14:53:56,1880.26,INVOICE,INV-70140,False,,,,,,NO_FLAG,
T-1164,V007,2025-07-24T15:02:05,708.15,INVOICE,INV-70164,False,,,,,,NO_FLAG,
T-1155,V006,2025-07-25T11:10:38,5094.92,INVOICE,INV-70155,False,,,,,,NO_FLAG,
T-1339,V012,2025-07-25T17:02:45,9618.23,INVOICE,INV-70339,False,,,,,,FLAG,R3;R2
T-1060,V002,2025-07-28T10:48:07,7669.48,INVOICE,INV-70060,False,,,,,,NO_FLAG,
T-1159,V006,2025-07-28T11:29:00,6567.48,INVOICE,INV-70159,False,,,,,,NO_FLAG,
T-1500,V020,2025-07-29T12:10:51,2994.61,INVOICE,INV-70500,False,,,,,,NO_FLAG,
T-1029,V001,2025-07-29T16:08:49,370.0,INVOICE,INV-70029,False,,,,,,NO_FLAG,
T-1429,V017,2025-07-30T09:36:11,606.29,INVOICE,INV-70429,False,,,,,,NO_FLAG,
T-1465,V019,2025-07-30T11:32:09,308.16,INVOICE,INV-70465,False,,,,,,NO_FLAG,
T-1011,V001,2025-07-30T11:34:16,350.31,INVOICE,INV-70011,False,,,,,,NO_FLAG,
T-1258,V009,2025-07-30T15:51:25,7019.71,INVOICE,INV-70258,False,,,,,,NO_FLAG,
T-1415,V016,2025-07-31T13:44:14,8283.35,INVOICE,INV-70415,False,,,,,,NO_FLAG,
T-1390,V015,2025-07-31T14:21:35,1446.62,INVOICE,INV-70390,False,,,,,,FLAG,R1
T-1267,V009,2025-07-31T15:05:28,7383.5,INVOICE,INV-70267,False,,,,,,NO_FLAG,
T-1443,V018,2025-07-31T16:14:31,1344.31,INVOICE,INV-70443,False,,,,,,NO_FLAG,
T-1235,V008,2025-08-04T09:52:36,1736.04,INVOICE,INV-70235,False,,,,,,NO_FLAG,
T-1166,V007,2025-08-04T10:16:47,1060.85,INVOICE,INV-70166,False,,,,,,NO_FLAG,
T-1218,V008,2025-08-04T12:22:44,3279.7,INVOICE,INV-70218,False,,,,,,FLAG,R1
T-1012,V001,2025-08-04T13:23:30,405.42,INVOICE,INV-70012,False,,,,,,NO_FLAG,
T-1317,V011,2025-08-05T15:00:18,1476.21,INVOICE,INV-70317,False,,,,,,NO_FLAG,
T-1490,V020,2025-08-06T09:25:07,5225.61,INVOICE,INV-70490,False,,,,,,NO_FLAG,
T-1426,V017,2025-08-06T10:32:30,1885.19,INVOICE,INV-70426,False,,,,,,NO_FLAG,
T-1047,V001,2025-08-07T10:57:44,351.07,INVOICE,INV-70047,False,,,,,,NO_FLAG,
T-1431,V017,2025-08-07T14:01:38,710.02,INVOICE,INV-70431,False,,,,,,NO_FLAG,
T-1146,V006,2025-08-07T16:09:42,3374.2,INVOICE,INV-70146,False,,,,,,NO_FLAG,
T-1314,V011,2025-08-08T10:33:15,3842.65,INVOICE,INV-70314,False,,,,,,NO_FLAG,
T-1113,V005,2025-08-08T11:02:04,891.97,INVOICE,INV-70113,False,,,,,,NO_FLAG,
T-1195,V007,2025-08-08T13:44:28,579.15,INVOICE,INV-70195,False,,,,,,NO_FLAG,
T-1129,V005,2025-08-08T14:22:02,1515.41,INVOICE,INV-70129,False,,,,,,NO_FLAG,
T-1276,V009,2025-08-08T15:35:06,6065.32,INVOICE,INV-70276,False,,,,,,NO_FLAG,
T-1148,V006,2025-08-11T09:23:32,3713.22,INVOICE,INV-70148,False,,,,,,NO_FLAG,
T-1299,V010,2025-08-11T12:31:40,786.39,INVOICE,INV-70299,False,,,,,,NO_FLAG,
T-1330,V011,2025-08-11T13:16:50,4099.76,INVOICE,INV-70330,False,,,,,,NO_FLAG,
T-1334,V011,2025-08-13T15:17:45,3320.53,INVOICE,INV-70334,False,,,,,,NO_FLAG,
T-1249,V008,2025-08-13T16:00:10,1992.81,INVOICE,INV-70249,False,,,,,,NO_FLAG,
T-1324,V011,2025-08-14T13:14:53,2457.36,INVOICE,INV-70324,False,,,,,,NO_FLAG,
T-1147,V006,2025-08-14T14:48:04,3960.88,INVOICE,INV-70147,False,,,,,,NO_FLAG,
T-1355,V014,2025-08-14T16:56:53,54371.77,INVOICE,INV-70355,False,,,,,,REVIEW,R3
T-1078,V003,2025-08-15T11:32:22,2719.47,INVOICE,INV-70078,False,,,,,,NO_FLAG,
T-1121,V005,2025-08-15T11:32:46,1370.46,INVOICE,INV-70121,False,,,,,,NO_FLAG,
T-1137,V005,2025-08-18T17:05:24,256.65,INVOICE,INV-70137,False,,,,,,NO_FLAG,
T-1184,V007,2025-08-19T10:22:48,867.62,INVOICE,INV-70184,False,,,,,,NO_FLAG,
T-1080,V003,2025-08-19T14:20:15,2927.01,INVOICE,INV-70080,False,,,,,,NO_FLAG,
T-1019,V001,2025-08-20T08:41:12,264.14,INVOICE,INV-70019,False,,,,,,NO_FLAG,
T-1177,V007,2025-08-20T10:25:41,665.83,INVOICE,INV-70177,False,,,,,,NO_FLAG,
T-1354,V014,2025-08-21T14:15:23,22748.42,INVOICE,INV-70354,False,,,,,,REVIEW,R3
T-1391,V015,2025-08-24T13:59:11,461.3,INVOICE,INV-70391,False,,,,,,NO_FLAG,
T-1493,V020,2025-08-25T14:38:35,3875.72,INVOICE,INV-70493,False,,,,,,NO_FLAG,
T-1340,V012,2025-08-25T15:35:24,9966.17,INVOICE,INV-70340,False,,,,,,FLAG,R3;R2
T-1072,V002,2025-08-26T11:02:52,12956.77,INVOICE,INV-70072,False,,,,,,NO_FLAG,
T-1423,V017,2025-08-27T09:49:23,7892.72,INVOICE,INV-70423,False,,,,,,FLAG,R1
T-1303,V011,2025-08-27T13:53:55,4687.59,INVOICE,INV-70303,False,,,,,,NO_FLAG,
T-1430,V017,2025-08-28T13:54:35,1893.91,INVOICE,INV-70430,False,,,,,,NO_FLAG,
T-1368,V015,2025-08-29T10:13:05,979.64,INVOICE,INV-70368,False,,,,,,NO_FLAG,
T-1374,V015,2025-08-29T14:43:04,1291.27,INVOICE,INV-70374,False,,,,,,NO_FLAG,
T-1406,V015,2025-08-29T15:45:15,892.58,INVOICE,INV-70406,False,,,,,,NO_FLAG,
T-1376,V015,2025-08-30T15:41:33,1029.67,INVOICE,INV-70376,False,,,,,,NO_FLAG,
T-1316,V011,2025-09-01T14:14:46,4695.32,INVOICE,INV-70316,False,,,,,,NO_FLAG,
T-1329,V011,2025-09-01T15:05:01,3279.16,INVOICE,INV-70329,False,,,,,,NO_FLAG,
T-1260,V009,2025-09-02T11:50:19,6076.16,INVOICE,INV-70260,False,,,,,,NO_FLAG,
T-1438,V017,2025-09-03T11:24:30,5121.11,INVOICE,INV-70438,False,,,,,,NO_FLAG,
T-1275,V009,2025-09-03T12:27:15,4320.43,INVOICE,INV-70275,False,,,,,,NO_FLAG,
T-1301,V010,2025-09-04T11:17:18,354.92,INVOICE,INV-70301,False,,,,,,NO_FLAG,
T-1450,V018,2025-09-05T09:31:05,1178.55,INVOICE,INV-70450,False,,,,,,NO_FLAG,
T-1254,V009,2025-09-05T14:36:48,5000.85,INVOICE,INV-70254,False,,,,,,NO_FLAG,
T-1401,V015,2025-09-08T13:37:23,277.1,INVOICE,INV-70401,False,,,,,,FLAG,R1
T-1470,V019,2025-09-09T10:03:17,93.54,INVOICE,INV-70470,False,,,,,,NO_FLAG,
T-1385,V015,2025-09-09T10:49:18,1115.43,INVOICE,INV-70385,False,,,,,,NO_FLAG,
T-1205,V008,2025-09-09T10:53:28,1670.08,INVOICE,INV-70205,False,,,,,,NO_FLAG,
T-1440,V017,2025-09-09T11:41:00,566.05,INVOICE,INV-70440,False,,,,,,NO_FLAG,
T-1356,V014,2025-09-09T13:40:27,3246.33,INVOICE,INV-70356,False,,,,,,REVIEW,R3
T-1242,V008,2025-09-09T14:22:21,1759.22,INVOICE,INV-70242,False,,,,,,NO_FLAG,
T-1079,V003,2025-09-09T15:19:29,2567.76,INVOICE,INV-70079,False,,,,,,NO_FLAG,
T-1265,V009,2025-09-10T14:21:21,4858.54,INVOICE,INV-70265,False,,,,,,FLAG,R2
T-1125,V005,2025-09-11T10:01:58,484.25,INVOICE,INV-70125,False,,,,,,NO_FLAG,
T-1337,V011,2025-09-11T12:08:01,2305.74,INVOICE,INV-70337,False,,,,,,NO_FLAG,
T-1226,V008,2025-09-11T14:42:50,2249.97,INVOICE,INV-70226,False,,,,,,NO_FLAG,
T-1028,V001,2025-09-12T11:10:50,302.39,INVOICE,INV-70028,False,,,,,,NO_FLAG,
T-1271,V009,2025-09-15T11:35:47,5963.63,INVOICE,INV-70271,False,,,,,,NO_FLAG,
T-1112,V005,2025-09-16T10:48:09,1713.04,INVOICE,INV-70112,False,,,,,,NO_FLAG,
T-1130,V005,2025-09-17T10:46:15,299.43,INVOICE,INV-70130,False,,,,,,NO_FLAG,
T-1466,V019,2025-09-17T16:39:58,138.11,INVOICE,INV-70466,False,,,,,,NO_FLAG,
T-1459,V019,2025-09-18T12:43:54,134.89,INVOICE,INV-70459,False,,,,,,NO_FLAG,
T-1454,V019,2025-09-19T15:18:55,89.8,INVOICE,INV-70454,False,,,,,,NO_FLAG,
T-1378,V015,2025-09-20T09:55:13,646.25,INVOICE,INV-70378,False,,,,,,NO_FLAG,
T-1022,V001,2025-09-23T14:38:06,317.98,INVOICE,INV-70022,False,,,,,,NO_FLAG,
T-1453,V019,2025-09-24T15:22:13,120.09,INVOICE,INV-70453,False,,,,,,NO_FLAG,
T-1408,V015,2025-09-25T14:21:57,1265.43,INVOICE,INV-70408,False,,,,,,NO_FLAG,
T-1061,V002,2025-09-26T14:27:13,14805.33,INVOICE,INV-70061,False,,,,,,NO_FLAG,
T-1394,V015,2025-09-27T15:27:52,1021.05,INVOICE,INV-70394,False,,,,,,NO_FLAG,
T-1144,V005,2025-10-01T09:29:38,2642.45,INVOICE,INV-70144,False,,,,,,NO_FLAG,
T-1099,V005,2025-10-01T10:03:39,1288.39,INVOICE,INV-70099,False,,,,,,NO_FLAG,
T-1191,V007,2025-10-02T14:22:00,623.49,INVOICE,INV-70191,False,,,,,,NO_FLAG,
T-1156,V006,2025-10-03T10:52:02,19831.55,INVOICE,INV-70156,False,,,,,,NO_FLAG,
T-1230,V008,2025-10-03T11:40:59,3110.89,INVOICE,INV-70230,False,,,,,,NO_FLAG,
T-1124,V005,2025-10-03T14:29:35,1863.72,INVOICE,INV-70124,False,,,,,,NO_FLAG,
T-1017,V001,2025-10-03T15:33:12,351.51,INVOICE,INV-70017,False,,,,,,NO_FLAG,
T-1383,V015,2025-10-05T15:39:58,1052.52,INVOICE,INV-70383,False,,,,,,NO_FLAG,
T-1306,V011,2025-10-08T09:10:38,1941.27,INVOICE,INV-70306,False,,,,,,NO_FLAG,
T-1486,V019,2025-10-09T11:16:20,90.6,INVOICE,INV-70486,False,,,,,,NO_FLAG,
T-1214,V008,2025-10-09T14:07:46,2265.34,INVOICE,INV-70214,False,,,,,,NO_FLAG,
T-1186,V007,2025-10-10T12:45:24,129.15,INVOICE,INV-70186,False,,,,,,FLAG,R1
T-1397,V015,2025-10-13T10:15:17,591.81,INVOICE,INV-70397,False,,,,,,NO_FLAG,
T-1487,V019,2025-10-13T16:35:13,601.1,INVOICE,INV-70487,False,,,,,,FLAG,R1
T-1407,V015,2025-10-15T10:39:41,616.61,INVOICE,INV-70407,False,,,,,,NO_FLAG,
T-1154,V006,2025-10-15T11:26:18,3514.3,INVOICE,INV-70154,False,,,,,,NO_FLAG,
T-1433,V017,2025-10-15T11:54:41,163.8,INVOICE,INV-70433,False,,,,,,NO_FLAG,
T-1208,V008,2025-10-16T09:05:57,1774.84,INVOICE,INV-70208,False,,,,,,NO_FLAG,
T-1451,V018,2025-10-16T10:15:44,1243.16,INVOICE,INV-70451,False,,,,,,NO_FLAG,
T-1142,V005,2025-10-16T11:15:51,1341.24,INVOICE,INV-70142,False,,,,,,NO_FLAG,
T-1176,V007,2025-10-16T11:37:17,435.02,INVOICE,INV-70176,False,,,,,,NO_FLAG,
T-1055,V002,2025-10-16T12:27:42,12173.96,INVOICE,INV-70055,False,,,,,,NO_FLAG,
T-1036,V001,2025-10-16T13:52:44,417.79,INVOICE,INV-70036,False,,,,,,NO_FLAG,
T-1304,V011,2025-10-16T15:31:24,2049.18,INVOICE,INV-70304,False,,,,,,NO_FLAG,
T-1328,V011,2025-10-16T16:22:36,1592.07,INVOICE,INV-70328,False,,,,,,NO_FLAG,
T-1410,V015,2025-10-20T10:31:38,1027.0,INVOICE,INV-70410,False,,,,,,NO_FLAG,
T-1116,V005,2025-10-20T14:17:12,1225.62,INVOICE,INV-70116,False,,,,,,NO_FLAG,
T-1347,V013,2025-10-20T14:26:34,1499.0,INVOICE,INV-70347,False,,,,,,NO_FLAG,R8
T-1300,V010,2025-10-21T08:05:13,724.41,INVOICE,INV-70300,False,,,,,,NO_FLAG,
T-1183,V007,2025-10-21T13:46:09,546.69,INVOICE,INV-70183,False,,,,,,NO_FLAG,
T-1043,V001,2025-10-21T13:55:28,339.62,INVOICE,INV-70043,False,,,,,,NO_FLAG,
T-1132,V005,2025-10-21T13:56:20,1552.98,INVOICE,INV-70132,False,,,,,,NO_FLAG,
T-1287,V010,2025-10-21T15:23:58,191.98,INVOICE,INV-70287,False,,,,,,NO_FLAG,
T-1229,V008,2025-10-22T14:10:00,2653.32,INVOICE,INV-70229,False,,,,,,NO_FLAG,
T-1447,V018,2025-10-22T14:53:48,1299.84,INVOICE,INV-70447,False,,,,,,NO_FLAG,
T-1182,V007,2025-10-22T15:41:39,634.29,INVOICE,INV-70182,False,,,,,,NO_FLAG,
T-1024,V001,2025-10-23T09:21:43,454.34,INVOICE,INV-70024,False,,,,,,NO_FLAG,
T-1173,V007,2025-10-23T13:15:06,699.42,INVOICE,INV-70173,False,,,,,,NO_FLAG,
T-1307,V011,2025-10-24T10:22:48,2065.33,INVOICE,INV-70307,False,,,,,,NO_FLAG,
T-1174,V007,2025-10-24T10:33:12,285.41,INVOICE,INV-70174,False,,,,,,NO_FLAG,
T-1387,V015,2025-10-26T10:16:05,839.88,INVOICE,INV-70387,False,,,,,,NO_FLAG,
T-1389,V015,2025-10-26T11:27:16,824.91,INVOICE,INV-70389,False,,,,,,NO_FLAG,
T-1002,V001,2025-10-27T11:25:14,434.65,INVOICE,INV-70002,False,,,,,,NO_FLAG,
T-1217,V008,2025-10-27T14:46:59,747.46,INVOICE,INV-70217,False,,,,,,NO_FLAG,
T-1494,V020,2025-10-28T10:18:09,4220.77,INVOICE,INV-70494,False,,,,,,NO_FLAG,
T-1420,V016,2025-10-28T14:16:04,9118.57,INVOICE,INV-70420,False,,,,,,NO_FLAG,
T-1427,V017,2025-10-29T11:26:35,3260.74,INVOICE,INV-70427,False,,,,,,NO_FLAG,
T-1096,V004,2025-10-29T13:31:34,3677.63,INVOICE,INV-70096,False,,,,,,NO_FLAG,
T-1296,V010,2025-10-29T14:31:09,223.64,INVOICE,INV-70296,False,,,,,,NO_FLAG,
T-1474,V019,2025-10-29T16:17:05,144.64,INVOICE,INV-70474,False,,,,,,NO_FLAG,
T-1016,V001,2025-10-30T10:44:57,410.97,INVOICE,INV-70016,False,,,,,,NO_FLAG,
T-1435,V017,2025-10-30T14:22:46,2733.66,INVOICE,INV-70435,False,,,,,,NO_FLAG,
T-1087,V004,2025-10-30T16:04:01,4687.03,INVOICE,INV-70087,False,,,,,,NO_FLAG,
T-1411,V016,2025-10-31T10:56:25,6610.04,INVOICE,INV-70411,False,,,,,,NO_FLAG,
T-1169,V007,2025-10-31T11:25:10,774.17,INVOICE,INV-70169,False,,,,,,NO_FLAG,
T-1216,V008,2025-11-03T12:12:02,1584.67,INVOICE,INV-70216,False,,,,,,NO_FLAG,
T-1008,V001,2025-11-03T15:26:46,409.08,INVOICE,INV-70008,False,,,,,,NO_FLAG,
T-1192,V007,2025-11-03T15:28:10,397.8,INVOICE,INV-70192,False,,,,,,NO_FLAG,
T-1360,V014,2025-11-04T15:20:54,19440.71,INVOICE,INV-70360,False,,,,,,REVIEW,R3
T-1046,V001,2025-11-04T15:34:29,357.44,INVOICE,INV-70046,False,,,,,,NO_FLAG,
T-1151,V006,2025-11-05T15:16:12,10714.81,INVOICE,INV-70151,False,,,,,,NO_FLAG,
T-1442,V018,2025-11-06T10:06:52,1351.43,INVOICE,INV-70442,False,,,,,,NO_FLAG,
T-1479,V019,2025-11-06T14:52:34,134.04,INVOICE,INV-70479,False,,,,,,NO_FLAG,
T-1236,V008,2025-11-07T14:49:37,1523.22,INVOICE,INV-70236,False,,,,,,NO_FLAG,
T-1168,V007,2025-11-10T10:52:04,303.83,INVOICE,INV-70168,False,,,,,,NO_FLAG,
T-1122,V005,2025-11-10T14:21:27,601.47,INVOICE,INV-70122,False,,,,,,NO_FLAG,
T-1198,V007,2025-11-11T08:14:06,365.95,INVOICE,INV-70198,False,,,,,,NO_FLAG,
T-1054,V002,2025-11-11T10:07:58,12720.76,INVOICE,INV-70054,False,,,,,,NO_FLAG,
T-1419,V016,2025-11-11T15:19:38,2382.0,INVOICE,INV-70419,False,,,,,,NO_FLAG,
T-1089,V004,2025-11-12T09:27:56,3579.21,INVOICE,INV-70089,False,,,,,,NO_FLAG,
T-1370,V015,2025-11-12T13:27:51,763.3,INVOICE,INV-70370,False,,,,,,NO_FLAG,
T-1185,V007,2025-11-13T10:18:50,503.39,INVOICE,INV-70185,False,,,,,,NO_FLAG,
T-1245,V008,2025-11-13T11:29:29,2254.44,INVOICE,INV-70245,False,,,,,,NO_FLAG,
T-1110,V005,2025-11-13T11:32:35,459.56,INVOICE,INV-70110,False,,,,,,NO_FLAG,
T-1239,V008,2025-11-14T09:21:47,2841.56,INVOICE,INV-70239,False,,,,,,NO_FLAG,
T-1015,V001,2025-11-14T11:22:23,296.02,INVOICE,INV-70015,False,,,,,,NO_FLAG,
T-1211,V008,2025-11-17T08:43:24,22.09,INVOICE,INV-70211,False,,,,,,FLAG,R1
T-1483,V019,2025-11-17T12:05:32,126.04,INVOICE,INV-70483,False,,,,,,NO_FLAG,
T-1067,V002,2025-11-18T11:27:22,15760.92,INVOICE,INV-70067,False,,,,,,NO_FLAG,
T-1458,V019,2025-11-19T15:03:56,94.48,INVOICE,INV-70458,False,,,,,,NO_FLAG,
T-1014,V001,2025-11-20T13:15:18,329.96,INVOICE,INV-70014,False,,,,,,NO_FLAG,
T-1363,V015,2025-11-23T16:07:10,807.15,INVOICE,INV-70363,False,,,,,,NO_FLAG,
T-1209,V008,2025-11-24T14:03:05,1776.46,INVOICE,INV-70209,False,,,,,,NO_FLAG,
T-1225,V008,2025-11-26T10:18:09,1423.17,INVOICE,INV-70225,False,,,,,,NO_FLAG,
T-1284,V010,2025-11-26T15:28:02,324.49,INVOICE,INV-70284,False,,,,,,NO_FLAG,
T-1152,V006,2025-11-26T15:50:50,10204.95,INVOICE,INV-70152,False,,,,,,NO_FLAG,
T-1206,V008,2025-11-27T09:58:46,1295.15,INVOICE,INV-70206,False,,,,,,NO_FLAG,
T-1277,V009,2025-11-27T11:16:17,6359.06,INVOICE,INV-70277,False,,,,,,NO_FLAG,
T-1041,V001,2025-11-28T15:30:50,216.77,INVOICE,INV-70041,False,,,,,,NO_FLAG,
T-1204,V008,2025-12-01T10:55:06,2427.33,INVOICE,INV-70204,False,,,,,,NO_FLAG,
T-1082,V003,2025-12-01T10:55:58,2810.85,INVOICE,INV-70082,False,,,,,,NO_FLAG,
T-1445,V018,2025-12-01T11:56:45,1277.46,INVOICE,INV-70445,False,,,,,,NO_FLAG,
T-1484,V019,2025-12-01T14:23:24,139.14,INVOICE,INV-70484,False,,,,,,NO_FLAG,
T-1097,V005,2025-12-02T09:55:20,1438.42,INVOICE,INV-70097,False,,,,,,NO_FLAG,
T-1197,V007,2025-12-02T10:18:49,769.29,INVOICE,INV-70197,False,,,,,,NO_FLAG,
T-1039,V001,2025-12-02T14:21:51,365.09,INVOICE,INV-70039,False,,,,,,NO_FLAG,
T-1294,V010,2025-12-02T15:20:51,196.3,INVOICE,INV-70294,False,,,,,,NO_FLAG,
T-1231,V008,2025-12-03T11:29:34,1870.4,INVOICE,INV-70231,False,,,,,,NO_FLAG,
T-1349,V013,2025-12-05T15:13:04,1499.0,INVOICE,INV-70349,False,,,,,,NO_FLAG,R8
T-1243,V008,2025-12-05T15:52:51,1424.39,INVOICE,INV-70243,False,,,,,,NO_FLAG,
T-1344,V013,2025-12-08T10:36:18,1499.0,INVOICE,INV-70344,False,,,,,,FLAG,R8;R5
T-1323,V011,2025-12-08T12:00:01,2319.89,INVOICE,INV-70323,False,,,,,,NO_FLAG,
T-1348,V013,2025-12-10T14:52:36,1499.0,INVOICE,INV-70348,False,,,,,,FLAG,R8;R5
T-1088,V004,2025-12-12T10:00:33,4841.9,INVOICE,INV-70088,False,,,,,,FLAG,R2
T-1327,V011,2025-12-12T10:55:50,2890.06,INVOICE,INV-70327,False,,,,,,NO_FLAG,
T-1396,V015,2025-12-14T09:01:55,1266.82,INVOICE,INV-70396,False,,,,,,NO_FLAG,
T-1353,V013,2025-12-15T14:28:20,1499.0,INVOICE,INV-70353,False,,,,,,NO_FLAG,R8
T-1272,V009,2025-12-15T14:41:50,4120.11,INVOICE,INV-70272,False,,,,,,NO_FLAG,
T-1477,V019,2025-12-15T15:23:30,190.08,INVOICE,INV-70477,False,,,,,,NO_FLAG,
T-1253,V008,2025-12-16T09:30:33,2654.53,INVOICE,INV-70253,False,,,,,,NO_FLAG,
T-1414,V016,2025-12-16T09:31:41,7796.88,INVOICE,INV-70414,False,,,,,,NO_FLAG,
T-1395,V015,2025-12-16T13:49:07,776.01,INVOICE,INV-70395,False,,,,,,NO_FLAG,
T-1066,V002,2025-12-16T15:08:08,23607.63,INVOICE,INV-70066,False,,,,,,FLAG,R1
T-1455,V019,2025-12-17T10:40:20,129.04,INVOICE,INV-70455,False,,,,,,NO_FLAG,
T-1398,V015,2025-12-17T13:31:20,534.66,INVOICE,INV-70398,False,,,,,,NO_FLAG,
T-1252,V008,2025-12-17T13:59:12,1463.87,INVOICE,INV-70252,False,,,,,,NO_FLAG,
T-1010,V001,2025-12-18T14:00:24,378.56,INVOICE,INV-70010,False,,,,,,NO_FLAG,
T-1128,V005,2025-12-18T14:49:20,2115.2,INVOICE,INV-70128,False,,,,,,NO_FLAG,
T-1212,V008,2025-12-19T08:46:41,928.67,INVOICE,INV-70212,False,,,,,,NO_FLAG,
T-1150,V006,2025-12-19T15:18:24,4381.8,INVOICE,INV-70150,False,,,,,,NO_FLAG,
T-1255,V009,2025-12-22T11:34:27,5457.59,INVOICE,INV-70255,False,,,,,,NO_FLAG,
T-1309,V011,2025-12-22T15:25:05,4424.72,INVOICE,INV-70309,False,,,,,,NO_FLAG,
T-1009,V001,2025-12-23T11:52:21,386.05,INVOICE,INV-70009,False,,,,,,NO_FLAG,
T-1180,V007,2025-12-24T10:04:54,621.77,INVOICE,INV-70180,False,,,,,,NO_FLAG,
T-1464,V019,2025-12-24T15:21:22,177.91,INVOICE,INV-70464,False,,,,,,NO_FLAG,
T-1257,V009,2025-12-25T14:37:20,5000.5,INVOICE,INV-70257,False,,,,,,NO_FLAG,
T-1446,V018,2025-12-25T14:58:06,1361.12,INVOICE,INV-70446,False,,,,,,NO_FLAG,
T-1325,V011,2025-12-26T09:51:25,5181.09,INVOICE,INV-70325,False,,,,,,NO_FLAG,
T-1100,V005,2025-12-26T15:27:23,2790.56,INVOICE,INV-70100,False,,,,,,FLAG,R1
T-1439,V017,2025-12-29T11:43:54,474.03,INVOICE,INV-70439,False,,,,,,NO_FLAG,
T-1432,V017,2025-12-29T13:56:16,1668.25,INVOICE,INV-70432,False,,,,,,NO_FLAG,
T-1103,V005,2025-12-29T15:25:50,340.38,INVOICE,INV-70103,False,,,,,,NO_FLAG,
T-1343,V013,2025-12-30T14:13:22,1499.0,INVOICE,INV-70343,False,,,,,,NO_FLAG,R8
T-1399,V015,2025-12-30T15:47:37,985.13,INVOICE,INV-70399,False,,,,,,NO_FLAG,
T-1418,V016,2025-12-31T14:08:47,3662.48,INVOICE,INV-70418,False,,,,,,NO_FLAG,
T-1246,V008,2025-12-31T14:23:04,1450.09,INVOICE,INV-70246,False,,,,,,NO_FLAG,
T-4450,V003,2025-11-12T10:14:00,3270.01,INVOICE,INV-EC01,True,EC01,FLAG,FLAG,R1,inclusive >= vs exclusive > at the threshold,FLAG,R1
T-4455,V011,2025-11-13T14:22:00,4987.5,INVOICE,INV-EC02,True,EC02,FLAG,NO_FLAG,R2,"structuring window [4750, 5000); z ~ 1.23 so R1 does not fire",FLAG,R2
T-4458,V011,2025-11-14T11:05:00,5012.0,INVOICE,INV-EC03,True,EC03,NO_FLAG,NO_FLAG,R2,directionality — 'near a round number' is not the rule; UNDER it is,NO_FLAG,
T-4463,V016,2025-11-17T09:48:00,10000.0,INVOICE,INV-EC04,True,EC04,NO_FLAG,NO_FLAG,R2,half-open upper bound; z ~ 1.39 so R1 does not fire,NO_FLAG,
T-4468,V021,2025-11-20T13:30:00,18750.0,INVOICE,INV-EC05,True,EC05,REVIEW,REVIEW,R3,sd undefined with n=1; must never silently reach NO_FLAG,REVIEW,R3
T-4300,V022,2025-09-04T10:00:00,1200.0,INVOICE,INV-EC06-1,True,EC06,REVIEW,,R3,"Without the R3 guard, sd = 7.07 from two points gives z ~ 55.9 on the third row. Absurd confidence from a two-point sample.
",REVIEW,R3
T-4380,V022,2025-10-06T10:15:00,1210.0,INVOICE,INV-EC06-2,True,EC06,REVIEW,,R3,"Without the R3 guard, sd = 7.07 from two points gives z ~ 55.9 on the third row. Absurd confidence from a two-point sample.
",REVIEW,R3
T-4470,V022,2025-11-21T10:30:00,1600.0,INVOICE,INV-EC06-3,True,EC06,REVIEW,,R3,"Without the R3 guard, sd = 7.07 from two points gives z ~ 55.9 on the third row. Absurd confidence from a two-point sample.
",REVIEW,R3
T-4475,V013,2025-11-24T08:12:00,1549.0,INVOICE,INV-EC07,True,EC07,FLAG,NO_FLAG,R8,division by zero; z = 50/0. Must not crash or emit NaN.,FLAG,R8
T-4478,V001,2025-11-13T03:07:00,412.0,INVOICE,INV-EC08,True,EC08,FLAG,NO_FLAG,R4,R4 fires independently of amount; z ~ 0.76,FLAG,R4
T-4471,V008,2025-11-18T09:22:00,2140.75,INVOICE,INV-88231,True,EC09,T-4471 NO_FLAG; T-4472 FLAG,FLAG,R5,forces a decision on WHICH row is flagged,NO_FLAG,
T-4472,V008,2025-11-18T09:24:00,2140.75,INVOICE,INV-88231,True,EC09,T-4471 NO_FLAG; T-4472 FLAG,FLAG,R5,forces a decision on WHICH row is flagged,FLAG,R5
T-4489,V007,2025-11-19T10:41:00,,INVOICE,INV-EC10,True,EC10,REJECT,REJECT,R6,"must not coerce null to 0.00, must not drop silently",REJECT,R6
T-4492,V005,2025-13-45 25:99:00,1340.0,INVOICE,INV-EC11,True,EC11,REJECT,NO_FLAG,R6,R6 on a non-amount field; parser must fail loudly,REJECT,R6
T-4501,V019,2025-11-25T15:03:00,-175.0,CREDIT,INV-EC12,True,EC12,NO_FLAG,NO_FLAG,R7,"Naive abs(z) gives 2.69 — a false positive on a routine return. The only case where the statistically anomalous answer and the business-correct answer diverge. Highest-value case in the set.
",NO_FLAG,R7
T-EC13,V023,2025-11-26T03:41:00,6400.0,INVOICE,INV-EC13,True,EC13,FLAG if REVIEW non-terminal; REVIEW if terminal,FLAG,R3 x R4 interaction,does REVIEW short-circuit R4?,FLAG,R3;R4
